{
  "name": "hideShowPassword",
  "description": "Easily reveal or hide password field contents via JavaScript or a nifty inner toggle button. Supports touch quite nicely!",
  "version": "2.0.3",
  "main": "hideShowPassword.js",
  "ignore": [
    "**/.*",
    "node_modules",
    "bower_components",
    "test",
    "tests"
  ],
  "license": "MIT",
  "homepage": "http://cloudfour.github.io/hideShowPassword/",
  "repository": {
    "type": "git",
    "url": "git://github.com/cloudfour/hideShowPassword.git"
  },
  "keywords": [
    "form",
    "forms",
    "input",
    "inputs",
    "password",
    "visibility"
  ],
  "_release": "2.0.3",
  "_resolution": {
    "type": "version",
    "tag": "v2.0.3",
    "commit": "959c9cf565c5856397f6607a0e1524b7c1954f71"
  },
  "_source": "git://github.com/cloudfour/hideShowPassword.git",
  "_target": "~2.0.3",
  "_originalSource": "hideShowPassword"
}