{
  "name": "jQuery-Mask-Plugin",
  "version": "1.6.4",
  "main": "jquery.mask.min.js",
  "ignore": [
    "deploy.rb",
    "jquery.mask.json",
    "Gruntfile.js",
    "test/*",
    ".*"
  ],
  "homepage": "https://github.com/igorescobar/jQuery-Mask-Plugin",
  "_release": "1.6.4",
  "_resolution": {
    "type": "version",
    "tag": "v1.6.4",
    "commit": "5f7ec1f34daceff37a5942052700f3451908da35"
  },
  "_source": "git://github.com/igorescobar/jQuery-Mask-Plugin.git",
  "_target": "~1.6.4",
  "_originalSource": "jQuery-Mask-Plugin"
}