{
  "name": "moment",
  "version": "2.7.0",
  "main": "moment.js",
  "ignore": [
    "**/.*",
    "node_modules",
    "bower_components",
    "test",
    "tests",
    "tasks",
    "component.json",
    "composer.json",
    "CONTRIBUTING.md",
    "ender.js",
    "Gruntfile.js",
    "package.js",
    "package.json"
  ],
  "homepage": "https://github.com/moment/moment",
  "_release": "2.7.0",
  "_resolution": {
    "type": "version",
    "tag": "2.7.0",
    "commit": "2fa5ad722f94bab4fd77987db3b2f05707edbd81"
  },
  "_source": "git://github.com/moment/moment.git",
  "_target": "~2.7.0",
  "_originalSource": "moment"
}