{
  "name": "backbone.marionette",
  "description": "Make your Backbone.js apps dance with a composite application architecture!",
  "homepage": "http://marionettejs.org",
  "main": [
    "./lib/backbone.marionette.js",
    "./lib/core/amd/backbone.marionette.js"
  ],
  "version": "1.8.2",
  "keywords": [
    "backbone",
    "framework",
    "client",
    "browser",
    "composite"
  ],
  "author": {
    "name": "Derick Bailey",
    "email": "derickbailey@gmail.com"
  },
  "ignore": [
    "docs",
    "reports",
    "spec",
    ".gitignore",
    ".travis.yml",
    ".editorconfig",
    ".jshintc",
    "build",
    "build.cmd",
    "Gruntfile.js",
    "CONTRIBUTING.md",
    "package.json",
    "addrem",
    "getdeps"
  ],
  "dependencies": {
    "backbone": "1.0.0 - 1.1.2",
    "underscore": "1.4.4 - 1.6.0",
    "backbone.babysitter": "^0.1.0",
    "backbone.wreqr": "^1.0.0",
    "jquery": "1.8.0 - 2.1.0"
  },
  "devDependencies": {
    "sinonjs": "1.7.3",
    "jasmine-sinon": "0.3.1"
  },
  "_release": "1.8.2",
  "_resolution": {
    "type": "version",
    "tag": "v1.8.2",
    "commit": "c95b830d0addaa8b0e321164374535c8e63832bd"
  },
  "_source": "git://github.com/marionettejs/backbone.marionette.git",
  "_target": "~1.8.2",
  "_originalSource": "marionette",
  "_direct": true
}