{
  "name": "backbone.marionette",
  "description": "Make your Backbone.js apps dance!",
  "version": "1.8.2",
  "repo": "marionettejs/backbone.marionette",
  "main": "lib/core/amd/backbone.marionette.js",
  "keywords": [
    "backbone",
    "plugin",
    "marionette",
    "composite",
    "architecture",
    "single",
    "page",
    "app",
    "client",
    "browser"
  ],
  "license":  "MIT",
  "licenses": [
    {
      "type": "MIT",
      "url": "https://github.com/marionettejs/backbone.marionette/blob/master/license.txt"
    }
  ],
  "author": {
    "name": "Derick Bailey",
    "email": "derickbailey@gmail.com",
    "web": "http://derickbailey.lostechies.com"
  },
  "dependencies": {
    "marionettejs/backbone.babysitter": "*",
    "marionettejs/backbone.wreqr": "*",
    "jashkenas/backbone": "*",
    "jashkenas/underscore": "*"
  },
  "scripts": [
    "lib/core/amd/backbone.marionette.js"
  ]
}
