[
{"label":"Expenses","value":"Expenses"},
{"label":"Expenses:Adjustment","value":"Expenses:Adjustment"},
{"label":"Expenses:Bank Service Charge","value":"Expenses:Bank Service Charge"},
{"label":"Expenses:Books","value":"Expenses:Books"},
{"label":"Expenses:Cable","value":"Expenses:Cable"},
{"label":"Expenses:Charity","value":"Expenses:Charity"},
{"label":"Expenses:Clothes","value":"Expenses:Clothes"},
{"label":"Expenses:Computer","value":"Expenses:Computer"},
{"label":"Expenses:Credit Card","value":"Expenses:Credit Card"},
{"label":"Expenses:Education","value":"Expenses:Education"},
{"label":"Expenses:Entertainment","value":"Expenses:Entertainment"},
{"label":"Expenses:Entertainment:Music/Movies","value":"Expenses:Entertainment:Music/Movies"},
{"label":"Expenses:Entertainment:Recreation","value":"Expenses:Entertainment:Recreation"},
{"label":"Expenses:Entertainment:Travel","value":"Expenses:Entertainment:Travel"},
{"label":"Expenses:Entertainment:Travel:Annual Vacation PMS","value":"Expenses:Entertainment:Travel:Annual Vacation PMS"},
{"label":"Expenses:Geovana","value":"Expenses:Geovana"},
{"label":"Expenses:Gifts","value":"Expenses:Gifts"},
{"label":"Expenses:Groceries","value":"Expenses:Groceries"},
{"label":"Expenses:Groceries:PMS","value":"Expenses:Groceries:PMS"},
{"label":"Expenses:Hobbies","value":"Expenses:Hobbies"},
{"label":"Expenses:Hobbies:Running","value":"Expenses:Hobbies:Running"},
{"label":"Expenses:Home","value":"Expenses:Home"},
{"label":"Expenses:Home:Building Interest","value":"Expenses:Home:Building Interest"},
{"label":"Expenses:Insurance","value":"Expenses:Insurance"},
{"label":"Expenses:Insurance:Auto Insurance","value":"Expenses:Insurance:Auto Insurance"},
{"label":"Expenses:Insurance:Health Insurance","value":"Expenses:Insurance:Health Insurance"},
{"label":"Expenses:Insurance:Life Insurance","value":"Expenses:Insurance:Life Insurance"},
{"label":"Expenses:Interest","value":"Expenses:Interest"},
{"label":"Expenses:Interest:Mortgage Interest","value":"Expenses:Interest:Mortgage Interest"},
{"label":"Expenses:Labor Union","value":"Expenses:Labor Union"},
{"label":"Expenses:Laundry/Dry Cleaning","value":"Expenses:Laundry/Dry Cleaning"},
{"label":"Expenses:Lílian","value":"Expenses:Lílian"},
{"label":"Expenses:Lílian:Miguel","value":"Expenses:Lílian:Miguel"},
{"label":"Expenses:Lílian:Reimburstment Me","value":"Expenses:Lílian:Reimburstment Me"},
{"label":"Expenses:Medical Expenses","value":"Expenses:Medical Expenses"},
{"label":"Expenses:Medical Expenses:Dentist","value":"Expenses:Medical Expenses:Dentist"},
{"label":"Expenses:Miscellaneous","value":"Expenses:Miscellaneous"},
{"label":"Expenses:Mobile","value":"Expenses:Mobile"},
{"label":"Expenses:Online Services","value":"Expenses:Online Services"},
{"label":"Expenses:Phone","value":"Expenses:Phone"},
{"label":"Expenses:Restaurant","value":"Expenses:Restaurant"},
{"label":"Expenses:Restaurant:Breakfast","value":"Expenses:Restaurant:Breakfast"},
{"label":"Expenses:Restaurant:Dainty","value":"Expenses:Restaurant:Dainty"},
{"label":"Expenses:Restaurant:Dining","value":"Expenses:Restaurant:Dining"},
{"label":"Expenses:Restaurant:Lunch","value":"Expenses:Restaurant:Lunch"},
{"label":"Expenses:Restaurant:PMS","value":"Expenses:Restaurant:PMS"},
{"label":"Expenses:Subscriptions","value":"Expenses:Subscriptions"},
{"label":"Expenses:Supplies","value":"Expenses:Supplies"},
{"label":"Expenses:Taxes","value":"Expenses:Taxes"},
{"label":"Expenses:Taxes:Auto","value":"Expenses:Taxes:Auto"},
{"label":"Expenses:Taxes:Auto:DPVAT","value":"Expenses:Taxes:Auto:DPVAT"},
{"label":"Expenses:Taxes:Federal","value":"Expenses:Taxes:Federal"},
{"label":"Expenses:Taxes:IRPF","value":"Expenses:Taxes:IRPF"},
{"label":"Expenses:Taxes:Medicare","value":"Expenses:Taxes:Medicare"},
{"label":"Expenses:Taxes:Other Tax","value":"Expenses:Taxes:Other Tax"},
{"label":"Expenses:Taxes:Social Security","value":"Expenses:Taxes:Social Security"},
{"label":"Expenses:Taxes:State/Province","value":"Expenses:Taxes:State/Province"},
{"label":"Expenses:Transport","value":"Expenses:Transport"},
{"label":"Expenses:Transport:Auto","value":"Expenses:Transport:Auto"},
{"label":"Expenses:Transport:Auto:Fees","value":"Expenses:Transport:Auto:Fees"},
{"label":"Expenses:Transport:Auto:Gas","value":"Expenses:Transport:Auto:Gas"},
{"label":"Expenses:Transport:Auto:Parking","value":"Expenses:Transport:Auto:Parking"},
{"label":"Expenses:Transport:Auto:Repair and Maintenance","value":"Expenses:Transport:Auto:Repair and Maintenance"},
{"label":"Expenses:Transport:Brasão Motorcycle","value":"Expenses:Transport:Brasão Motorcycle"},
{"label":"Expenses:Transport:Brasão Motorcycle:GAS","value":"Expenses:Transport:Brasão Motorcycle:GAS"},
{"label":"Expenses:Transport:Public Transportation","value":"Expenses:Transport:Public Transportation"},
{"label":"Expenses:Utilities","value":"Expenses:Utilities"},
{"label":"Expenses:Utilities:Electric","value":"Expenses:Utilities:Electric"},
{"label":"Expenses:Utilities:Garbage collection","value":"Expenses:Utilities:Garbage collection"},
{"label":"Expenses:Utilities:Gas","value":"Expenses:Utilities:Gas"},
{"label":"Expenses:Utilities:Internet","value":"Expenses:Utilities:Internet"},
{"label":"Expenses:Utilities:Water","value":"Expenses:Utilities:Water"}
]
