{
  "name": "firebase-simple-login",
  "version": "1.6.1",
  "description": "Firebase Simple Login Web Client",
  "authors": "Firebase <operations@firebase.com>",
  "homepage": "http://firebase.github.io/firebase-simple-login",
  "main": "firebase-simple-login.js",
  "license": "MIT",
  "dependencies": {},
  "devDependencies": {
    "firebase": "~1.0.6",
    "jasmine": "~1.3.1",
    "jquery": "~2.1.0"
  },
  "keywords": [
    "Firebase",
    "synchronization",
    "real-time",
    "websocket",
    "authentication",
    "login"
  ],
  "ignore": [
    "**/.*",
    "bower_components",
    "node_modules",
    "firebase-simple-login-java",
    "firebase-simple-login-objc",
    "js",
    "lib"
  ],
  "_release": "1.6.1",
  "_resolution": {
    "type": "version",
    "tag": "v1.6.1",
    "commit": "58658add1a28d92e5fb307f72d26844bfbc99ab9"
  },
  "_source": "git://github.com/firebase/firebase-simple-login.git",
  "_target": "~1.6.1",
  "_originalSource": "firebase-simple-login",
  "_direct": true
}