{
  "name": "backbone.babysitter",
  "version": "0.1.1",
  "homepage": "https://github.com/marionettejs/backbone.babysitter",
  "authors": [
    "Derick Bailey <derickbailey@gmail.com>"
  ],
  "description": "Manage child views in a Backbone.View",
  "main": "lib/backbone.babysitter.js",
  "keywords": [
    "backbone",
    "plugin",
    "computed",
    "field",
    "model",
    "client",
    "browser"
  ],
  "license": "MIT",
  "ignore": [
    "**/.*",
    "node_modules",
    "bower_components",
    "test",
    "tests"
  ],
  "_release": "0.1.1",
  "_resolution": {
    "type": "version",
    "tag": "v0.1.1",
    "commit": "ac79470d475325b70ff9f9fe0023e838d5345a98"
  },
  "_source": "git://github.com/marionettejs/backbone.babysitter.git",
  "_target": "^0.1.0",
  "_originalSource": "backbone.babysitter"
}