{
  "name": "backbone.babysitter",
  "description": "Manage child views in a Backbone.View",
  "version": "0.1.0",
  "repo": "marionettejs/backbone.babysitter",
  "main": "lib/amd/backbone.babysitter.js",
  "keywords": [
    "backbone",
    "plugin",
    "computed",
    "field",
    "model",
    "client",
    "browser"
  ],
  "license": "MIT",
  "licenses": [
    {
      "type": "MIT",
      "url": "https://github.com/marionettejs/backbone.babysitter/blob/master/LICENSE.md"
    }
  ],

  "scripts": [
    "lib/amd/backbone.babysitter.js"
  ],

  "author": {
    "name": "Derick Bailey",
    "email": "marionettejs@gmail.com",
    "web": "http://derickbailey.lostechies.com"
  },

  "dependencies": {
    "jashkenas/backbone": "*",
    "jashkenas/underscore": "*"
  }
}
